,0,1,# of Shots 0,Example Paths 0,Example Categories 0,# of Shots 2,Example Paths 2,Example Categories 2
0,/Users/muhammadarbabarshad/Downloads/AgEval-datasets/deepweeds/images/20171109-093143-1.jpg,Rubber vine,Snake weed,[],[],Lantana,"[""/Users/muhammadarbabarshad/Downloads/AgEval-datasets/deepweeds/images/20170126-095837-0.jpg"", ""/Users/muhammadarbabarshad/Downloads/AgEval-datasets/deepweeds/images/20180125-100709-2.jpg""]","[""Lantana"", ""Negative""]"
1,/Users/muhammadarbabarshad/Downloads/AgEval-datasets/deepweeds/images/20170126-095837-0.jpg,Lantana,Siam weed,[],[],Siam weed,"[""/Users/muhammadarbabarshad/Downloads/AgEval-datasets/deepweeds/images/20170811-162102-1.jpg"", ""/Users/muhammadarbabarshad/Downloads/AgEval-datasets/deepweeds/images/20171025-100416-2.jpg""]","[""Chinee apple"", ""Parthenium""]"
2,/Users/muhammadarbabarshad/Downloads/AgEval-datasets/deepweeds/images/20170727-113159-1.jpg,Prickly acacia,Siam weed,[],[],Prickly acacia,"[""/Users/muhammadarbabarshad/Downloads/AgEval-datasets/deepweeds/images/20171109-093143-1.jpg"", ""/Users/muhammadarbabarshad/Downloads/AgEval-datasets/deepweeds/images/20170811-162102-1.jpg""]","[""Rubber vine"", ""Chinee apple""]"
3,/Users/muhammadarbabarshad/Downloads/AgEval-datasets/deepweeds/images/20170811-162102-1.jpg,Chinee apple,Prickly acacia,[],[],Rubber vine,"[""/Users/muhammadarbabarshad/Downloads/AgEval-datasets/deepweeds/images/20170705-165040-0.jpg"", ""/Users/muhammadarbabarshad/Downloads/AgEval-datasets/deepweeds/images/20171025-100416-2.jpg""]","[""Snake weed"", ""Parthenium""]"
4,/Users/muhammadarbabarshad/Downloads/AgEval-datasets/deepweeds/images/20170920-095313-3.jpg,Parkinsonia,Snake weed,[],[],Snake weed,"[""/Users/muhammadarbabarshad/Downloads/AgEval-datasets/deepweeds/images/20180125-100709-2.jpg"", ""/Users/muhammadarbabarshad/Downloads/AgEval-datasets/deepweeds/images/20171113-142059-2.jpg""]","[""Negative"", ""Siam weed""]"
5,/Users/muhammadarbabarshad/Downloads/AgEval-datasets/deepweeds/images/20180125-100709-2.jpg,Negative,Negative,[],[],Negative,"[""/Users/muhammadarbabarshad/Downloads/AgEval-datasets/deepweeds/images/20170727-113159-1.jpg"", ""/Users/muhammadarbabarshad/Downloads/AgEval-datasets/deepweeds/images/20171109-093143-1.jpg""]","[""Prickly acacia"", ""Rubber vine""]"
6,/Users/muhammadarbabarshad/Downloads/AgEval-datasets/deepweeds/images/20171113-142059-2.jpg,Siam weed,"Error: Unexpected API response format: {'error': {'message': ""Cannot read properties of undefined (reading 'parts')"", 'code': 502}}",NA,NA,Snake weed,"[""/Users/muhammadarbabarshad/Downloads/AgEval-datasets/deepweeds/images/20170705-165040-0.jpg"", ""/Users/muhammadarbabarshad/Downloads/AgEval-datasets/deepweeds/images/20171025-100416-2.jpg""]","[""Snake weed"", ""Parthenium""]"
7,/Users/muhammadarbabarshad/Downloads/AgEval-datasets/deepweeds/images/20170705-165040-0.jpg,Snake weed,Negative,[],[],Negative,"[""/Users/muhammadarbabarshad/Downloads/AgEval-datasets/deepweeds/images/20171025-100416-2.jpg"", ""/Users/muhammadarbabarshad/Downloads/AgEval-datasets/deepweeds/images/20170920-095313-3.jpg""]","[""Parthenium"", ""Parkinsonia""]"
8,/Users/muhammadarbabarshad/Downloads/AgEval-datasets/deepweeds/images/20171025-100416-2.jpg,Parthenium,Siam weed,[],[],Rubber vine,"[""/Users/muhammadarbabarshad/Downloads/AgEval-datasets/deepweeds/images/20180125-100709-2.jpg"", ""/Users/muhammadarbabarshad/Downloads/AgEval-datasets/deepweeds/images/20170920-095313-3.jpg""]","[""Negative"", ""Parkinsonia""]"
