,0,1,# of Shots 8,Example Paths 8,Example Categories 8,# of Shots 4,Example Paths 4,Example Categories 4,# of Shots 2,Example Paths 2,Example Categories 2,# of Shots 1,Example Paths 1,Example Categories 1,# of Shots 0,Example Paths 0,Example Categories 0
0,/Users/muhammadarbabarshad/Downloads/AgEval-datasets/deepweeds/images/20180119-105242-2.jpg,Negative,Snake weed,"['/Users/muhammadarbabarshad/Downloads/AgEval-datasets/deepweeds/images/20170811-163650-1.jpg', '/Users/muhammadarbabarshad/Downloads/AgEval-datasets/deepweeds/images/20170727-113159-1.jpg', '/Users/muhammadarbabarshad/Downloads/AgEval-datasets/deepweeds/images/20171113-133118-3.jpg', '/Users/muhammadarbabarshad/Downloads/AgEval-datasets/deepweeds/images/20170715-174216-1.jpg', '/Users/muhammadarbabarshad/Downloads/AgEval-datasets/deepweeds/images/20171113-142059-2.jpg', '/Users/muhammadarbabarshad/Downloads/AgEval-datasets/deepweeds/images/20170727-164330-1.jpg', '/Users/muhammadarbabarshad/Downloads/AgEval-datasets/deepweeds/images/20171109-093204-2.jpg', '/Users/muhammadarbabarshad/Downloads/AgEval-datasets/deepweeds/images/20170920-111229-2.jpg']","['Chinee apple', 'Prickly acacia', 'Siam weed', 'Lantana', 'Siam weed', 'Prickly acacia', 'Rubber vine', 'Parkinsonia']",Lantana,"['/Users/muhammadarbabarshad/Downloads/AgEval-datasets/deepweeds/images/20170728-120256-2.jpg', '/Users/muhammadarbabarshad/Downloads/AgEval-datasets/deepweeds/images/20170920-111229-2.jpg', '/Users/muhammadarbabarshad/Downloads/AgEval-datasets/deepweeds/images/20170727-113159-1.jpg', '/Users/muhammadarbabarshad/Downloads/AgEval-datasets/deepweeds/images/20171113-132015-3.jpg']","['Prickly acacia', 'Parkinsonia', 'Prickly acacia', 'Siam weed']",Parthenium,"['/Users/muhammadarbabarshad/Downloads/AgEval-datasets/deepweeds/images/20170920-110443-2.jpg', '/Users/muhammadarbabarshad/Downloads/AgEval-datasets/deepweeds/images/20170727-164330-1.jpg']","['Parkinsonia', 'Prickly acacia']",Lantana,['/Users/muhammadarbabarshad/Downloads/AgEval-datasets/deepweeds/images/20170913-121432-3.jpg'],['Parthenium'],Snake weed,[],[]
1,/Users/muhammadarbabarshad/Downloads/AgEval-datasets/deepweeds/images/20171113-133118-3.jpg,Siam weed,Prickly acacia,"['/Users/muhammadarbabarshad/Downloads/AgEval-datasets/deepweeds/images/20171113-142059-2.jpg', '/Users/muhammadarbabarshad/Downloads/AgEval-datasets/deepweeds/images/20170410-160127-0.jpg', '/Users/muhammadarbabarshad/Downloads/AgEval-datasets/deepweeds/images/20170727-164330-1.jpg', '/Users/muhammadarbabarshad/Downloads/AgEval-datasets/deepweeds/images/20180119-105242-2.jpg', '/Users/muhammadarbabarshad/Downloads/AgEval-datasets/deepweeds/images/20170811-163650-1.jpg', '/Users/muhammadarbabarshad/Downloads/AgEval-datasets/deepweeds/images/20171025-100416-2.jpg', '/Users/muhammadarbabarshad/Downloads/AgEval-datasets/deepweeds/images/20170913-121432-3.jpg', '/Users/muhammadarbabarshad/Downloads/AgEval-datasets/deepweeds/images/20170811-162102-1.jpg']","['Siam weed', 'Snake weed', 'Prickly acacia', 'Negative', 'Chinee apple', 'Parthenium', 'Parthenium', 'Chinee apple']",Snake weed,"['/Users/muhammadarbabarshad/Downloads/AgEval-datasets/deepweeds/images/20170727-113159-1.jpg', '/Users/muhammadarbabarshad/Downloads/AgEval-datasets/deepweeds/images/20170811-163650-1.jpg', '/Users/muhammadarbabarshad/Downloads/AgEval-datasets/deepweeds/images/20180125-100709-2.jpg', '/Users/muhammadarbabarshad/Downloads/AgEval-datasets/deepweeds/images/20170410-160127-0.jpg']","['Prickly acacia', 'Chinee apple', 'Negative', 'Snake weed']",Siam weed,"['/Users/muhammadarbabarshad/Downloads/AgEval-datasets/deepweeds/images/20171113-142059-2.jpg', '/Users/muhammadarbabarshad/Downloads/AgEval-datasets/deepweeds/images/20171109-194851-1.jpg']","['Siam weed', 'Rubber vine']",Snake weed,['/Users/muhammadarbabarshad/Downloads/AgEval-datasets/deepweeds/images/20170727-164330-1.jpg'],['Prickly acacia'],Snake weed,[],[]
2,/Users/muhammadarbabarshad/Downloads/AgEval-datasets/deepweeds/images/20170705-165040-0.jpg,Snake weed,Lantana,"['/Users/muhammadarbabarshad/Downloads/AgEval-datasets/deepweeds/images/20171109-093204-2.jpg', '/Users/muhammadarbabarshad/Downloads/AgEval-datasets/deepweeds/images/20171109-093143-1.jpg', '/Users/muhammadarbabarshad/Downloads/AgEval-datasets/deepweeds/images/20170210-142647-0.jpg', '/Users/muhammadarbabarshad/Downloads/AgEval-datasets/deepweeds/images/20180125-100709-2.jpg', '/Users/muhammadarbabarshad/Downloads/AgEval-datasets/deepweeds/images/20171109-194851-1.jpg', '/Users/muhammadarbabarshad/Downloads/AgEval-datasets/deepweeds/images/20171025-082133-3.jpg', '/Users/muhammadarbabarshad/Downloads/AgEval-datasets/deepweeds/images/20171113-133118-3.jpg', '/Users/muhammadarbabarshad/Downloads/AgEval-datasets/deepweeds/images/20170920-110443-2.jpg']","['Rubber vine', 'Rubber vine', 'Snake weed', 'Negative', 'Rubber vine', 'Parthenium', 'Siam weed', 'Parkinsonia']",Negative,"['/Users/muhammadarbabarshad/Downloads/AgEval-datasets/deepweeds/images/20170718-132000-2.jpg', '/Users/muhammadarbabarshad/Downloads/AgEval-datasets/deepweeds/images/20180119-105242-2.jpg', '/Users/muhammadarbabarshad/Downloads/AgEval-datasets/deepweeds/images/20170920-111229-2.jpg', '/Users/muhammadarbabarshad/Downloads/AgEval-datasets/deepweeds/images/20171212-095841-3.jpg']","['Chinee apple', 'Negative', 'Parkinsonia', 'Negative']",Negative,"['/Users/muhammadarbabarshad/Downloads/AgEval-datasets/deepweeds/images/20171025-100416-2.jpg', '/Users/muhammadarbabarshad/Downloads/AgEval-datasets/deepweeds/images/20180119-105242-2.jpg']","['Parthenium', 'Negative']",Negative,['/Users/muhammadarbabarshad/Downloads/AgEval-datasets/deepweeds/images/20171025-100416-2.jpg'],['Parthenium'],Negative,[],[]
3,/Users/muhammadarbabarshad/Downloads/AgEval-datasets/deepweeds/images/20171109-093143-1.jpg,Rubber vine,Rubber vine,"['/Users/muhammadarbabarshad/Downloads/AgEval-datasets/deepweeds/images/20180119-105242-2.jpg', '/Users/muhammadarbabarshad/Downloads/AgEval-datasets/deepweeds/images/20171113-132015-3.jpg', '/Users/muhammadarbabarshad/Downloads/AgEval-datasets/deepweeds/images/20170811-162102-1.jpg', '/Users/muhammadarbabarshad/Downloads/AgEval-datasets/deepweeds/images/20171025-100416-2.jpg', '/Users/muhammadarbabarshad/Downloads/AgEval-datasets/deepweeds/images/20170920-110443-2.jpg', '/Users/muhammadarbabarshad/Downloads/AgEval-datasets/deepweeds/images/20171109-093204-2.jpg', '/Users/muhammadarbabarshad/Downloads/AgEval-datasets/deepweeds/images/20170718-132000-2.jpg', '/Users/muhammadarbabarshad/Downloads/AgEval-datasets/deepweeds/images/20170811-163650-1.jpg']","['Negative', 'Siam weed', 'Chinee apple', 'Parthenium', 'Parkinsonia', 'Rubber vine', 'Chinee apple', 'Chinee apple']",Rubber vine,"['/Users/muhammadarbabarshad/Downloads/AgEval-datasets/deepweeds/images/20171113-132015-3.jpg', '/Users/muhammadarbabarshad/Downloads/AgEval-datasets/deepweeds/images/20171109-093204-2.jpg', '/Users/muhammadarbabarshad/Downloads/AgEval-datasets/deepweeds/images/20180125-100709-2.jpg', '/Users/muhammadarbabarshad/Downloads/AgEval-datasets/deepweeds/images/20171113-133118-3.jpg']","['Siam weed', 'Rubber vine', 'Negative', 'Siam weed']",Lantana,"['/Users/muhammadarbabarshad/Downloads/AgEval-datasets/deepweeds/images/20180125-100709-2.jpg', '/Users/muhammadarbabarshad/Downloads/AgEval-datasets/deepweeds/images/20170727-164330-1.jpg']","['Negative', 'Prickly acacia']",Parkinsonia,['/Users/muhammadarbabarshad/Downloads/AgEval-datasets/deepweeds/images/20171025-100416-2.jpg'],['Parthenium'],Parthenium,[],[]
4,/Users/muhammadarbabarshad/Downloads/AgEval-datasets/deepweeds/images/20170811-162102-1.jpg,Chinee apple,Lantana,"['/Users/muhammadarbabarshad/Downloads/AgEval-datasets/deepweeds/images/20170714-110205-1.jpg', '/Users/muhammadarbabarshad/Downloads/AgEval-datasets/deepweeds/images/20180119-105242-2.jpg', '/Users/muhammadarbabarshad/Downloads/AgEval-datasets/deepweeds/images/20170728-120256-2.jpg', '/Users/muhammadarbabarshad/Downloads/AgEval-datasets/deepweeds/images/20170920-111229-2.jpg', '/Users/muhammadarbabarshad/Downloads/AgEval-datasets/deepweeds/images/20170727-113159-1.jpg', '/Users/muhammadarbabarshad/Downloads/AgEval-datasets/deepweeds/images/20171025-082133-3.jpg', '/Users/muhammadarbabarshad/Downloads/AgEval-datasets/deepweeds/images/20171212-095841-3.jpg', '/Users/muhammadarbabarshad/Downloads/AgEval-datasets/deepweeds/images/20170410-160127-0.jpg']","['Lantana', 'Negative', 'Prickly acacia', 'Parkinsonia', 'Prickly acacia', 'Parthenium', 'Negative', 'Snake weed']",Lantana,"['/Users/muhammadarbabarshad/Downloads/AgEval-datasets/deepweeds/images/20170920-095313-3.jpg', '/Users/muhammadarbabarshad/Downloads/AgEval-datasets/deepweeds/images/20171025-082133-3.jpg', '/Users/muhammadarbabarshad/Downloads/AgEval-datasets/deepweeds/images/20171025-100416-2.jpg', '/Users/muhammadarbabarshad/Downloads/AgEval-datasets/deepweeds/images/20170728-120256-2.jpg']","['Parkinsonia', 'Parthenium', 'Parthenium', 'Prickly acacia']",Snake weed,"['/Users/muhammadarbabarshad/Downloads/AgEval-datasets/deepweeds/images/20170727-113159-1.jpg', '/Users/muhammadarbabarshad/Downloads/AgEval-datasets/deepweeds/images/20171025-082133-3.jpg']","['Prickly acacia', 'Parthenium']",Rubber vine,['/Users/muhammadarbabarshad/Downloads/AgEval-datasets/deepweeds/images/20171025-082133-3.jpg'],['Parthenium'],Rubber vine,[],[]
5,/Users/muhammadarbabarshad/Downloads/AgEval-datasets/deepweeds/images/20170210-142647-0.jpg,Snake weed,Lantana,"['/Users/muhammadarbabarshad/Downloads/AgEval-datasets/deepweeds/images/20171113-142059-2.jpg', '/Users/muhammadarbabarshad/Downloads/AgEval-datasets/deepweeds/images/20170410-160127-0.jpg', '/Users/muhammadarbabarshad/Downloads/AgEval-datasets/deepweeds/images/20170718-132000-2.jpg', '/Users/muhammadarbabarshad/Downloads/AgEval-datasets/deepweeds/images/20170728-120256-2.jpg', '/Users/muhammadarbabarshad/Downloads/AgEval-datasets/deepweeds/images/20171109-093143-1.jpg', '/Users/muhammadarbabarshad/Downloads/AgEval-datasets/deepweeds/images/20170920-111229-2.jpg', '/Users/muhammadarbabarshad/Downloads/AgEval-datasets/deepweeds/images/20170920-110443-2.jpg', '/Users/muhammadarbabarshad/Downloads/AgEval-datasets/deepweeds/images/20170727-164330-1.jpg']","['Siam weed', 'Snake weed', 'Chinee apple', 'Prickly acacia', 'Rubber vine', 'Parkinsonia', 'Parkinsonia', 'Prickly acacia']",Lantana,"['/Users/muhammadarbabarshad/Downloads/AgEval-datasets/deepweeds/images/20171025-082133-3.jpg', '/Users/muhammadarbabarshad/Downloads/AgEval-datasets/deepweeds/images/20171025-100416-2.jpg', '/Users/muhammadarbabarshad/Downloads/AgEval-datasets/deepweeds/images/20170920-111229-2.jpg', '/Users/muhammadarbabarshad/Downloads/AgEval-datasets/deepweeds/images/20170727-113159-1.jpg']","['Parthenium', 'Parthenium', 'Parkinsonia', 'Prickly acacia']",Lantana,"['/Users/muhammadarbabarshad/Downloads/AgEval-datasets/deepweeds/images/20171109-093143-1.jpg', '/Users/muhammadarbabarshad/Downloads/AgEval-datasets/deepweeds/images/20171113-132015-3.jpg']","['Rubber vine', 'Siam weed']",Lantana,['/Users/muhammadarbabarshad/Downloads/AgEval-datasets/deepweeds/images/20170727-113159-1.jpg'],['Prickly acacia'],Lantana,[],[]
6,/Users/muhammadarbabarshad/Downloads/AgEval-datasets/deepweeds/images/20170727-164330-1.jpg,Prickly acacia,Parkinsonia,"['/Users/muhammadarbabarshad/Downloads/AgEval-datasets/deepweeds/images/20171025-082133-3.jpg', '/Users/muhammadarbabarshad/Downloads/AgEval-datasets/deepweeds/images/20170718-132000-2.jpg', '/Users/muhammadarbabarshad/Downloads/AgEval-datasets/deepweeds/images/20170920-110443-2.jpg', '/Users/muhammadarbabarshad/Downloads/AgEval-datasets/deepweeds/images/20170728-120256-2.jpg', '/Users/muhammadarbabarshad/Downloads/AgEval-datasets/deepweeds/images/20170920-095313-3.jpg', '/Users/muhammadarbabarshad/Downloads/AgEval-datasets/deepweeds/images/20170811-163650-1.jpg', '/Users/muhammadarbabarshad/Downloads/AgEval-datasets/deepweeds/images/20170715-174216-1.jpg', '/Users/muhammadarbabarshad/Downloads/AgEval-datasets/deepweeds/images/20171212-095841-3.jpg']","['Parthenium', 'Chinee apple', 'Parkinsonia', 'Prickly acacia', 'Parkinsonia', 'Chinee apple', 'Lantana', 'Negative']",Prickly acacia,"['/Users/muhammadarbabarshad/Downloads/AgEval-datasets/deepweeds/images/20171113-142059-2.jpg', '/Users/muhammadarbabarshad/Downloads/AgEval-datasets/deepweeds/images/20170920-095313-3.jpg', '/Users/muhammadarbabarshad/Downloads/AgEval-datasets/deepweeds/images/20171212-095841-3.jpg', '/Users/muhammadarbabarshad/Downloads/AgEval-datasets/deepweeds/images/20171025-100416-2.jpg']","['Siam weed', 'Parkinsonia', 'Negative', 'Parthenium']",Snake weed,"['/Users/muhammadarbabarshad/Downloads/AgEval-datasets/deepweeds/images/20171212-095841-3.jpg', '/Users/muhammadarbabarshad/Downloads/AgEval-datasets/deepweeds/images/20171113-142059-2.jpg']","['Negative', 'Siam weed']",Parkinsonia,['/Users/muhammadarbabarshad/Downloads/AgEval-datasets/deepweeds/images/20170811-162102-1.jpg'],['Chinee apple'],Lantana,[],[]
7,/Users/muhammadarbabarshad/Downloads/AgEval-datasets/deepweeds/images/20170728-120256-2.jpg,Prickly acacia,Parkinsonia,"['/Users/muhammadarbabarshad/Downloads/AgEval-datasets/deepweeds/images/20170913-121432-3.jpg', '/Users/muhammadarbabarshad/Downloads/AgEval-datasets/deepweeds/images/20170920-095313-3.jpg', '/Users/muhammadarbabarshad/Downloads/AgEval-datasets/deepweeds/images/20171109-093204-2.jpg', '/Users/muhammadarbabarshad/Downloads/AgEval-datasets/deepweeds/images/20170811-162102-1.jpg', '/Users/muhammadarbabarshad/Downloads/AgEval-datasets/deepweeds/images/20170920-110443-2.jpg', '/Users/muhammadarbabarshad/Downloads/AgEval-datasets/deepweeds/images/20170410-160127-0.jpg', '/Users/muhammadarbabarshad/Downloads/AgEval-datasets/deepweeds/images/20171113-132015-3.jpg', '/Users/muhammadarbabarshad/Downloads/AgEval-datasets/deepweeds/images/20170920-111229-2.jpg']","['Parthenium', 'Parkinsonia', 'Rubber vine', 'Chinee apple', 'Parkinsonia', 'Snake weed', 'Siam weed', 'Parkinsonia']",Parthenium,"['/Users/muhammadarbabarshad/Downloads/AgEval-datasets/deepweeds/images/20170913-121432-3.jpg', '/Users/muhammadarbabarshad/Downloads/AgEval-datasets/deepweeds/images/20180125-100709-2.jpg', '/Users/muhammadarbabarshad/Downloads/AgEval-datasets/deepweeds/images/20170920-095313-3.jpg', '/Users/muhammadarbabarshad/Downloads/AgEval-datasets/deepweeds/images/20170410-160127-0.jpg']","['Parthenium', 'Negative', 'Parkinsonia', 'Snake weed']",Parthenium,"['/Users/muhammadarbabarshad/Downloads/AgEval-datasets/deepweeds/images/20170811-162102-1.jpg', '/Users/muhammadarbabarshad/Downloads/AgEval-datasets/deepweeds/images/20180125-100709-2.jpg']","['Chinee apple', 'Negative']",Parthenium,['/Users/muhammadarbabarshad/Downloads/AgEval-datasets/deepweeds/images/20170913-121432-3.jpg'],['Parthenium'],Negative,[],[]
8,/Users/muhammadarbabarshad/Downloads/AgEval-datasets/deepweeds/images/20171113-142059-2.jpg,Siam weed,Rubber vine,"['/Users/muhammadarbabarshad/Downloads/AgEval-datasets/deepweeds/images/20170811-163650-1.jpg', '/Users/muhammadarbabarshad/Downloads/AgEval-datasets/deepweeds/images/20170920-095313-3.jpg', '/Users/muhammadarbabarshad/Downloads/AgEval-datasets/deepweeds/images/20171113-132015-3.jpg', '/Users/muhammadarbabarshad/Downloads/AgEval-datasets/deepweeds/images/20171025-100416-2.jpg', '/Users/muhammadarbabarshad/Downloads/AgEval-datasets/deepweeds/images/20170715-174216-1.jpg', '/Users/muhammadarbabarshad/Downloads/AgEval-datasets/deepweeds/images/20170410-160127-0.jpg', '/Users/muhammadarbabarshad/Downloads/AgEval-datasets/deepweeds/images/20171212-095841-3.jpg', '/Users/muhammadarbabarshad/Downloads/AgEval-datasets/deepweeds/images/20170727-113159-1.jpg']","['Chinee apple', 'Parkinsonia', 'Siam weed', 'Parthenium', 'Lantana', 'Snake weed', 'Negative', 'Prickly acacia']",Snake weed,"['/Users/muhammadarbabarshad/Downloads/AgEval-datasets/deepweeds/images/20170705-165040-0.jpg', '/Users/muhammadarbabarshad/Downloads/AgEval-datasets/deepweeds/images/20171113-132015-3.jpg', '/Users/muhammadarbabarshad/Downloads/AgEval-datasets/deepweeds/images/20170811-163650-1.jpg', '/Users/muhammadarbabarshad/Downloads/AgEval-datasets/deepweeds/images/20180125-100709-2.jpg']","['Snake weed', 'Siam weed', 'Chinee apple', 'Negative']",Lantana,"['/Users/muhammadarbabarshad/Downloads/AgEval-datasets/deepweeds/images/20171109-093143-1.jpg', '/Users/muhammadarbabarshad/Downloads/AgEval-datasets/deepweeds/images/20170210-142647-0.jpg']","['Rubber vine', 'Snake weed']",Lantana,['/Users/muhammadarbabarshad/Downloads/AgEval-datasets/deepweeds/images/20170920-111229-2.jpg'],['Parkinsonia'],Snake weed,[],[]
9,/Users/muhammadarbabarshad/Downloads/AgEval-datasets/deepweeds/images/20170920-095313-3.jpg,Parkinsonia,Parthenium,"['/Users/muhammadarbabarshad/Downloads/AgEval-datasets/deepweeds/images/20170728-120256-2.jpg', '/Users/muhammadarbabarshad/Downloads/AgEval-datasets/deepweeds/images/20171109-194851-1.jpg', '/Users/muhammadarbabarshad/Downloads/AgEval-datasets/deepweeds/images/20171025-082133-3.jpg', '/Users/muhammadarbabarshad/Downloads/AgEval-datasets/deepweeds/images/20171212-095841-3.jpg', '/Users/muhammadarbabarshad/Downloads/AgEval-datasets/deepweeds/images/20171109-093143-1.jpg', '/Users/muhammadarbabarshad/Downloads/AgEval-datasets/deepweeds/images/20171113-132015-3.jpg', '/Users/muhammadarbabarshad/Downloads/AgEval-datasets/deepweeds/images/20171109-093204-2.jpg', '/Users/muhammadarbabarshad/Downloads/AgEval-datasets/deepweeds/images/20170210-142647-0.jpg']","['Prickly acacia', 'Rubber vine', 'Parthenium', 'Negative', 'Rubber vine', 'Siam weed', 'Rubber vine', 'Snake weed']",Parthenium,"['/Users/muhammadarbabarshad/Downloads/AgEval-datasets/deepweeds/images/20170210-142647-0.jpg', '/Users/muhammadarbabarshad/Downloads/AgEval-datasets/deepweeds/images/20170811-162102-1.jpg', '/Users/muhammadarbabarshad/Downloads/AgEval-datasets/deepweeds/images/20171109-093204-2.jpg', '/Users/muhammadarbabarshad/Downloads/AgEval-datasets/deepweeds/images/20170811-163650-1.jpg']","['Snake weed', 'Chinee apple', 'Rubber vine', 'Chinee apple']",Snake weed,"['/Users/muhammadarbabarshad/Downloads/AgEval-datasets/deepweeds/images/20171109-093143-1.jpg', '/Users/muhammadarbabarshad/Downloads/AgEval-datasets/deepweeds/images/20170126-095837-0.jpg']","['Rubber vine', 'Lantana']",Negative,['/Users/muhammadarbabarshad/Downloads/AgEval-datasets/deepweeds/images/20170126-095837-0.jpg'],['Lantana'],Snake weed,[],[]
10,/Users/muhammadarbabarshad/Downloads/AgEval-datasets/deepweeds/images/20170811-163650-1.jpg,Chinee apple,Lantana,"['/Users/muhammadarbabarshad/Downloads/AgEval-datasets/deepweeds/images/20170728-120256-2.jpg', '/Users/muhammadarbabarshad/Downloads/AgEval-datasets/deepweeds/images/20171113-133118-3.jpg', '/Users/muhammadarbabarshad/Downloads/AgEval-datasets/deepweeds/images/20171109-093204-2.jpg', '/Users/muhammadarbabarshad/Downloads/AgEval-datasets/deepweeds/images/20171113-132015-3.jpg', '/Users/muhammadarbabarshad/Downloads/AgEval-datasets/deepweeds/images/20170714-110205-1.jpg', '/Users/muhammadarbabarshad/Downloads/AgEval-datasets/deepweeds/images/20170727-113159-1.jpg', '/Users/muhammadarbabarshad/Downloads/AgEval-datasets/deepweeds/images/20170920-111229-2.jpg', '/Users/muhammadarbabarshad/Downloads/AgEval-datasets/deepweeds/images/20170920-095313-3.jpg']","['Prickly acacia', 'Siam weed', 'Rubber vine', 'Siam weed', 'Lantana', 'Prickly acacia', 'Parkinsonia', 'Parkinsonia']",Lantana,"['/Users/muhammadarbabarshad/Downloads/AgEval-datasets/deepweeds/images/20170210-142647-0.jpg', '/Users/muhammadarbabarshad/Downloads/AgEval-datasets/deepweeds/images/20171109-093143-1.jpg', '/Users/muhammadarbabarshad/Downloads/AgEval-datasets/deepweeds/images/20171025-082133-3.jpg', '/Users/muhammadarbabarshad/Downloads/AgEval-datasets/deepweeds/images/20171113-132015-3.jpg']","['Snake weed', 'Rubber vine', 'Parthenium', 'Siam weed']",Lantana,"['/Users/muhammadarbabarshad/Downloads/AgEval-datasets/deepweeds/images/20171113-133118-3.jpg', '/Users/muhammadarbabarshad/Downloads/AgEval-datasets/deepweeds/images/20171109-194851-1.jpg']","['Siam weed', 'Rubber vine']",Lantana,['/Users/muhammadarbabarshad/Downloads/AgEval-datasets/deepweeds/images/20171113-132015-3.jpg'],['Siam weed'],Rubber vine,[],[]
11,/Users/muhammadarbabarshad/Downloads/AgEval-datasets/deepweeds/images/20170715-174216-1.jpg,Lantana,Snake weed,"['/Users/muhammadarbabarshad/Downloads/AgEval-datasets/deepweeds/images/20171025-082133-3.jpg', '/Users/muhammadarbabarshad/Downloads/AgEval-datasets/deepweeds/images/20170126-095837-0.jpg', '/Users/muhammadarbabarshad/Downloads/AgEval-datasets/deepweeds/images/20170727-113159-1.jpg', '/Users/muhammadarbabarshad/Downloads/AgEval-datasets/deepweeds/images/20171113-132015-3.jpg', '/Users/muhammadarbabarshad/Downloads/AgEval-datasets/deepweeds/images/20171113-133118-3.jpg', '/Users/muhammadarbabarshad/Downloads/AgEval-datasets/deepweeds/images/20170920-111229-2.jpg', '/Users/muhammadarbabarshad/Downloads/AgEval-datasets/deepweeds/images/20170913-121432-3.jpg', '/Users/muhammadarbabarshad/Downloads/AgEval-datasets/deepweeds/images/20171109-194851-1.jpg']","['Parthenium', 'Lantana', 'Prickly acacia', 'Siam weed', 'Siam weed', 'Parkinsonia', 'Parthenium', 'Rubber vine']",Lantana,"['/Users/muhammadarbabarshad/Downloads/AgEval-datasets/deepweeds/images/20171109-093143-1.jpg', '/Users/muhammadarbabarshad/Downloads/AgEval-datasets/deepweeds/images/20170811-162102-1.jpg', '/Users/muhammadarbabarshad/Downloads/AgEval-datasets/deepweeds/images/20171212-095841-3.jpg', '/Users/muhammadarbabarshad/Downloads/AgEval-datasets/deepweeds/images/20170920-110443-2.jpg']","['Rubber vine', 'Chinee apple', 'Negative', 'Parkinsonia']",Siam weed,"['/Users/muhammadarbabarshad/Downloads/AgEval-datasets/deepweeds/images/20170727-164330-1.jpg', '/Users/muhammadarbabarshad/Downloads/AgEval-datasets/deepweeds/images/20170210-142647-0.jpg']","['Prickly acacia', 'Snake weed']",Lantana,['/Users/muhammadarbabarshad/Downloads/AgEval-datasets/deepweeds/images/20170718-132000-2.jpg'],['Chinee apple'],Snake weed,[],[]
12,/Users/muhammadarbabarshad/Downloads/AgEval-datasets/deepweeds/images/20170714-110205-1.jpg,Lantana,Lantana,"['/Users/muhammadarbabarshad/Downloads/AgEval-datasets/deepweeds/images/20170210-142647-0.jpg', '/Users/muhammadarbabarshad/Downloads/AgEval-datasets/deepweeds/images/20170718-132000-2.jpg', '/Users/muhammadarbabarshad/Downloads/AgEval-datasets/deepweeds/images/20171113-132015-3.jpg', '/Users/muhammadarbabarshad/Downloads/AgEval-datasets/deepweeds/images/20171109-093143-1.jpg', '/Users/muhammadarbabarshad/Downloads/AgEval-datasets/deepweeds/images/20170913-121432-3.jpg', '/Users/muhammadarbabarshad/Downloads/AgEval-datasets/deepweeds/images/20170728-120256-2.jpg', '/Users/muhammadarbabarshad/Downloads/AgEval-datasets/deepweeds/images/20171109-194851-1.jpg', '/Users/muhammadarbabarshad/Downloads/AgEval-datasets/deepweeds/images/20171212-095841-3.jpg']","['Snake weed', 'Chinee apple', 'Siam weed', 'Rubber vine', 'Parthenium', 'Prickly acacia', 'Rubber vine', 'Negative']",Parthenium,"['/Users/muhammadarbabarshad/Downloads/AgEval-datasets/deepweeds/images/20170705-165040-0.jpg', '/Users/muhammadarbabarshad/Downloads/AgEval-datasets/deepweeds/images/20171109-093143-1.jpg', '/Users/muhammadarbabarshad/Downloads/AgEval-datasets/deepweeds/images/20171113-142059-2.jpg', '/Users/muhammadarbabarshad/Downloads/AgEval-datasets/deepweeds/images/20171113-132015-3.jpg']","['Snake weed', 'Rubber vine', 'Siam weed', 'Siam weed']",Parthenium,"['/Users/muhammadarbabarshad/Downloads/AgEval-datasets/deepweeds/images/20171025-100416-2.jpg', '/Users/muhammadarbabarshad/Downloads/AgEval-datasets/deepweeds/images/20171109-093204-2.jpg']","['Parthenium', 'Rubber vine']",Snake weed,['/Users/muhammadarbabarshad/Downloads/AgEval-datasets/deepweeds/images/20171109-093143-1.jpg'],['Rubber vine'],Snake weed,[],[]
13,/Users/muhammadarbabarshad/Downloads/AgEval-datasets/deepweeds/images/20170718-132000-2.jpg,Chinee apple,Lantana,"['/Users/muhammadarbabarshad/Downloads/AgEval-datasets/deepweeds/images/20170920-111229-2.jpg', '/Users/muhammadarbabarshad/Downloads/AgEval-datasets/deepweeds/images/20171109-093143-1.jpg', '/Users/muhammadarbabarshad/Downloads/AgEval-datasets/deepweeds/images/20170210-142647-0.jpg', '/Users/muhammadarbabarshad/Downloads/AgEval-datasets/deepweeds/images/20170410-160127-0.jpg', '/Users/muhammadarbabarshad/Downloads/AgEval-datasets/deepweeds/images/20170126-095837-0.jpg', '/Users/muhammadarbabarshad/Downloads/AgEval-datasets/deepweeds/images/20170913-121432-3.jpg', '/Users/muhammadarbabarshad/Downloads/AgEval-datasets/deepweeds/images/20171025-082133-3.jpg', '/Users/muhammadarbabarshad/Downloads/AgEval-datasets/deepweeds/images/20170811-162102-1.jpg']","['Parkinsonia', 'Rubber vine', 'Snake weed', 'Snake weed', 'Lantana', 'Parthenium', 'Parthenium', 'Chinee apple']",Lantana,"['/Users/muhammadarbabarshad/Downloads/AgEval-datasets/deepweeds/images/20171025-082133-3.jpg', '/Users/muhammadarbabarshad/Downloads/AgEval-datasets/deepweeds/images/20170811-162102-1.jpg', '/Users/muhammadarbabarshad/Downloads/AgEval-datasets/deepweeds/images/20170920-095313-3.jpg', '/Users/muhammadarbabarshad/Downloads/AgEval-datasets/deepweeds/images/20171113-133118-3.jpg']","['Parthenium', 'Chinee apple', 'Parkinsonia', 'Siam weed']",Lantana,"['/Users/muhammadarbabarshad/Downloads/AgEval-datasets/deepweeds/images/20170705-165040-0.jpg', '/Users/muhammadarbabarshad/Downloads/AgEval-datasets/deepweeds/images/20170920-095313-3.jpg']","['Snake weed', 'Parkinsonia']",Lantana,['/Users/muhammadarbabarshad/Downloads/AgEval-datasets/deepweeds/images/20171025-082133-3.jpg'],['Parthenium'],Lantana,[],[]
14,/Users/muhammadarbabarshad/Downloads/AgEval-datasets/deepweeds/images/20170727-113159-1.jpg,Prickly acacia,Prickly acacia,"['/Users/muhammadarbabarshad/Downloads/AgEval-datasets/deepweeds/images/20170705-165040-0.jpg', '/Users/muhammadarbabarshad/Downloads/AgEval-datasets/deepweeds/images/20170920-111229-2.jpg', '/Users/muhammadarbabarshad/Downloads/AgEval-datasets/deepweeds/images/20170727-164330-1.jpg', '/Users/muhammadarbabarshad/Downloads/AgEval-datasets/deepweeds/images/20171025-082133-3.jpg', '/Users/muhammadarbabarshad/Downloads/AgEval-datasets/deepweeds/images/20171109-194851-1.jpg', '/Users/muhammadarbabarshad/Downloads/AgEval-datasets/deepweeds/images/20170913-121432-3.jpg', '/Users/muhammadarbabarshad/Downloads/AgEval-datasets/deepweeds/images/20170718-132000-2.jpg', '/Users/muhammadarbabarshad/Downloads/AgEval-datasets/deepweeds/images/20180125-100709-2.jpg']","['Snake weed', 'Parkinsonia', 'Prickly acacia', 'Parthenium', 'Rubber vine', 'Parthenium', 'Chinee apple', 'Negative']",Prickly acacia,"['/Users/muhammadarbabarshad/Downloads/AgEval-datasets/deepweeds/images/20171113-132015-3.jpg', '/Users/muhammadarbabarshad/Downloads/AgEval-datasets/deepweeds/images/20170728-120256-2.jpg', '/Users/muhammadarbabarshad/Downloads/AgEval-datasets/deepweeds/images/20170705-165040-0.jpg', '/Users/muhammadarbabarshad/Downloads/AgEval-datasets/deepweeds/images/20170920-111229-2.jpg']","['Siam weed', 'Prickly acacia', 'Snake weed', 'Parkinsonia']",Parkinsonia,"['/Users/muhammadarbabarshad/Downloads/AgEval-datasets/deepweeds/images/20170920-095313-3.jpg', '/Users/muhammadarbabarshad/Downloads/AgEval-datasets/deepweeds/images/20170920-110443-2.jpg']","['Parkinsonia', 'Parkinsonia']",Prickly acacia,['/Users/muhammadarbabarshad/Downloads/AgEval-datasets/deepweeds/images/20170714-110205-1.jpg'],['Lantana'],Parkinsonia,[],[]
15,/Users/muhammadarbabarshad/Downloads/AgEval-datasets/deepweeds/images/20171109-093204-2.jpg,Rubber vine,Parthenium,"['/Users/muhammadarbabarshad/Downloads/AgEval-datasets/deepweeds/images/20170920-095313-3.jpg', '/Users/muhammadarbabarshad/Downloads/AgEval-datasets/deepweeds/images/20180125-100709-2.jpg', '/Users/muhammadarbabarshad/Downloads/AgEval-datasets/deepweeds/images/20170126-095837-0.jpg', '/Users/muhammadarbabarshad/Downloads/AgEval-datasets/deepweeds/images/20171025-100416-2.jpg', '/Users/muhammadarbabarshad/Downloads/AgEval-datasets/deepweeds/images/20171109-194851-1.jpg', '/Users/muhammadarbabarshad/Downloads/AgEval-datasets/deepweeds/images/20171212-095841-3.jpg', '/Users/muhammadarbabarshad/Downloads/AgEval-datasets/deepweeds/images/20171109-093143-1.jpg', '/Users/muhammadarbabarshad/Downloads/AgEval-datasets/deepweeds/images/20170727-113159-1.jpg']","['Parkinsonia', 'Negative', 'Lantana', 'Parthenium', 'Rubber vine', 'Negative', 'Rubber vine', 'Prickly acacia']",Negative,"['/Users/muhammadarbabarshad/Downloads/AgEval-datasets/deepweeds/images/20170210-142647-0.jpg', '/Users/muhammadarbabarshad/Downloads/AgEval-datasets/deepweeds/images/20170920-111229-2.jpg', '/Users/muhammadarbabarshad/Downloads/AgEval-datasets/deepweeds/images/20170715-174216-1.jpg', '/Users/muhammadarbabarshad/Downloads/AgEval-datasets/deepweeds/images/20170728-120256-2.jpg']","['Snake weed', 'Parkinsonia', 'Lantana', 'Prickly acacia']",Negative,"['/Users/muhammadarbabarshad/Downloads/AgEval-datasets/deepweeds/images/20170715-174216-1.jpg', '/Users/muhammadarbabarshad/Downloads/AgEval-datasets/deepweeds/images/20170727-113159-1.jpg']","['Lantana', 'Prickly acacia']",Negative,['/Users/muhammadarbabarshad/Downloads/AgEval-datasets/deepweeds/images/20170715-174216-1.jpg'],['Lantana'],Negative,[],[]
16,/Users/muhammadarbabarshad/Downloads/AgEval-datasets/deepweeds/images/20170126-095837-0.jpg,Lantana,Parthenium,"['/Users/muhammadarbabarshad/Downloads/AgEval-datasets/deepweeds/images/20170920-095313-3.jpg', '/Users/muhammadarbabarshad/Downloads/AgEval-datasets/deepweeds/images/20170811-162102-1.jpg', '/Users/muhammadarbabarshad/Downloads/AgEval-datasets/deepweeds/images/20170727-113159-1.jpg', '/Users/muhammadarbabarshad/Downloads/AgEval-datasets/deepweeds/images/20170705-165040-0.jpg', '/Users/muhammadarbabarshad/Downloads/AgEval-datasets/deepweeds/images/20171212-095841-3.jpg', '/Users/muhammadarbabarshad/Downloads/AgEval-datasets/deepweeds/images/20171113-132015-3.jpg', '/Users/muhammadarbabarshad/Downloads/AgEval-datasets/deepweeds/images/20170715-174216-1.jpg', '/Users/muhammadarbabarshad/Downloads/AgEval-datasets/deepweeds/images/20171109-194851-1.jpg']","['Parkinsonia', 'Chinee apple', 'Prickly acacia', 'Snake weed', 'Negative', 'Siam weed', 'Lantana', 'Rubber vine']",Lantana,"['/Users/muhammadarbabarshad/Downloads/AgEval-datasets/deepweeds/images/20171025-082133-3.jpg', '/Users/muhammadarbabarshad/Downloads/AgEval-datasets/deepweeds/images/20170920-095313-3.jpg', '/Users/muhammadarbabarshad/Downloads/AgEval-datasets/deepweeds/images/20171025-100416-2.jpg', '/Users/muhammadarbabarshad/Downloads/AgEval-datasets/deepweeds/images/20170714-110205-1.jpg']","['Parthenium', 'Parkinsonia', 'Parthenium', 'Lantana']",Lantana,"['/Users/muhammadarbabarshad/Downloads/AgEval-datasets/deepweeds/images/20170920-110443-2.jpg', '/Users/muhammadarbabarshad/Downloads/AgEval-datasets/deepweeds/images/20170718-132000-2.jpg']","['Parkinsonia', 'Chinee apple']",Lantana,['/Users/muhammadarbabarshad/Downloads/AgEval-datasets/deepweeds/images/20170727-113159-1.jpg'],['Prickly acacia'],Lantana,[],[]
17,/Users/muhammadarbabarshad/Downloads/AgEval-datasets/deepweeds/images/20170920-110443-2.jpg,Parkinsonia,Parkinsonia,"['/Users/muhammadarbabarshad/Downloads/AgEval-datasets/deepweeds/images/20171113-142059-2.jpg', '/Users/muhammadarbabarshad/Downloads/AgEval-datasets/deepweeds/images/20170811-163650-1.jpg', '/Users/muhammadarbabarshad/Downloads/AgEval-datasets/deepweeds/images/20180125-100709-2.jpg', '/Users/muhammadarbabarshad/Downloads/AgEval-datasets/deepweeds/images/20170727-164330-1.jpg', '/Users/muhammadarbabarshad/Downloads/AgEval-datasets/deepweeds/images/20170920-111229-2.jpg', '/Users/muhammadarbabarshad/Downloads/AgEval-datasets/deepweeds/images/20171109-093143-1.jpg', '/Users/muhammadarbabarshad/Downloads/AgEval-datasets/deepweeds/images/20170715-174216-1.jpg', '/Users/muhammadarbabarshad/Downloads/AgEval-datasets/deepweeds/images/20170718-132000-2.jpg']","['Siam weed', 'Chinee apple', 'Negative', 'Prickly acacia', 'Parkinsonia', 'Rubber vine', 'Lantana', 'Chinee apple']",Snake weed,"['/Users/muhammadarbabarshad/Downloads/AgEval-datasets/deepweeds/images/20170811-162102-1.jpg', '/Users/muhammadarbabarshad/Downloads/AgEval-datasets/deepweeds/images/20171025-100416-2.jpg', '/Users/muhammadarbabarshad/Downloads/AgEval-datasets/deepweeds/images/20170727-164330-1.jpg', '/Users/muhammadarbabarshad/Downloads/AgEval-datasets/deepweeds/images/20170715-174216-1.jpg']","['Chinee apple', 'Parthenium', 'Prickly acacia', 'Lantana']",Parthenium,"['/Users/muhammadarbabarshad/Downloads/AgEval-datasets/deepweeds/images/20170811-162102-1.jpg', '/Users/muhammadarbabarshad/Downloads/AgEval-datasets/deepweeds/images/20170913-121432-3.jpg']","['Chinee apple', 'Parthenium']",NA,NA,NA,Negative,[],[]
18,/Users/muhammadarbabarshad/Downloads/AgEval-datasets/deepweeds/images/20171109-194851-1.jpg,Rubber vine,Parthenium,"['/Users/muhammadarbabarshad/Downloads/AgEval-datasets/deepweeds/images/20170715-174216-1.jpg', '/Users/muhammadarbabarshad/Downloads/AgEval-datasets/deepweeds/images/20171109-093204-2.jpg', '/Users/muhammadarbabarshad/Downloads/AgEval-datasets/deepweeds/images/20170727-113159-1.jpg', '/Users/muhammadarbabarshad/Downloads/AgEval-datasets/deepweeds/images/20171109-093143-1.jpg', '/Users/muhammadarbabarshad/Downloads/AgEval-datasets/deepweeds/images/20180125-100709-2.jpg', '/Users/muhammadarbabarshad/Downloads/AgEval-datasets/deepweeds/images/20171025-100416-2.jpg', '/Users/muhammadarbabarshad/Downloads/AgEval-datasets/deepweeds/images/20170126-095837-0.jpg', '/Users/muhammadarbabarshad/Downloads/AgEval-datasets/deepweeds/images/20170410-160127-0.jpg']","['Lantana', 'Rubber vine', 'Prickly acacia', 'Rubber vine', 'Negative', 'Parthenium', 'Lantana', 'Snake weed']",Lantana,"['/Users/muhammadarbabarshad/Downloads/AgEval-datasets/deepweeds/images/20171025-082133-3.jpg', '/Users/muhammadarbabarshad/Downloads/AgEval-datasets/deepweeds/images/20170410-160127-0.jpg', '/Users/muhammadarbabarshad/Downloads/AgEval-datasets/deepweeds/images/20170210-142647-0.jpg', '/Users/muhammadarbabarshad/Downloads/AgEval-datasets/deepweeds/images/20170718-132000-2.jpg']","['Parthenium', 'Snake weed', 'Snake weed', 'Chinee apple']",Negative,"['/Users/muhammadarbabarshad/Downloads/AgEval-datasets/deepweeds/images/20170811-162102-1.jpg', '/Users/muhammadarbabarshad/Downloads/AgEval-datasets/deepweeds/images/20171025-100416-2.jpg']","['Chinee apple', 'Parthenium']",Parthenium,['/Users/muhammadarbabarshad/Downloads/AgEval-datasets/deepweeds/images/20170811-162102-1.jpg'],['Chinee apple'],Negative,[],[]
19,/Users/muhammadarbabarshad/Downloads/AgEval-datasets/deepweeds/images/20171025-100416-2.jpg,Parthenium,Rubber vine,"['/Users/muhammadarbabarshad/Downloads/AgEval-datasets/deepweeds/images/20170811-163650-1.jpg', '/Users/muhammadarbabarshad/Downloads/AgEval-datasets/deepweeds/images/20171109-194851-1.jpg', '/Users/muhammadarbabarshad/Downloads/AgEval-datasets/deepweeds/images/20171113-133118-3.jpg', '/Users/muhammadarbabarshad/Downloads/AgEval-datasets/deepweeds/images/20170727-113159-1.jpg', '/Users/muhammadarbabarshad/Downloads/AgEval-datasets/deepweeds/images/20171113-132015-3.jpg', '/Users/muhammadarbabarshad/Downloads/AgEval-datasets/deepweeds/images/20170728-120256-2.jpg', '/Users/muhammadarbabarshad/Downloads/AgEval-datasets/deepweeds/images/20170715-174216-1.jpg', '/Users/muhammadarbabarshad/Downloads/AgEval-datasets/deepweeds/images/20170913-121432-3.jpg']","['Chinee apple', 'Rubber vine', 'Siam weed', 'Prickly acacia', 'Siam weed', 'Prickly acacia', 'Lantana', 'Parthenium']",Lantana,"['/Users/muhammadarbabarshad/Downloads/AgEval-datasets/deepweeds/images/20170714-110205-1.jpg', '/Users/muhammadarbabarshad/Downloads/AgEval-datasets/deepweeds/images/20171113-132015-3.jpg', '/Users/muhammadarbabarshad/Downloads/AgEval-datasets/deepweeds/images/20171113-133118-3.jpg', '/Users/muhammadarbabarshad/Downloads/AgEval-datasets/deepweeds/images/20170920-110443-2.jpg']","['Lantana', 'Siam weed', 'Siam weed', 'Parkinsonia']",Snake weed,"['/Users/muhammadarbabarshad/Downloads/AgEval-datasets/deepweeds/images/20170410-160127-0.jpg', '/Users/muhammadarbabarshad/Downloads/AgEval-datasets/deepweeds/images/20170920-111229-2.jpg']","['Snake weed', 'Parkinsonia']",Rubber vine,['/Users/muhammadarbabarshad/Downloads/AgEval-datasets/deepweeds/images/20170126-095837-0.jpg'],['Lantana'],Parthenium,[],[]
20,/Users/muhammadarbabarshad/Downloads/AgEval-datasets/deepweeds/images/20170920-111229-2.jpg,Parkinsonia,Prickly acacia,"['/Users/muhammadarbabarshad/Downloads/AgEval-datasets/deepweeds/images/20171025-082133-3.jpg', '/Users/muhammadarbabarshad/Downloads/AgEval-datasets/deepweeds/images/20170126-095837-0.jpg', '/Users/muhammadarbabarshad/Downloads/AgEval-datasets/deepweeds/images/20170811-163650-1.jpg', '/Users/muhammadarbabarshad/Downloads/AgEval-datasets/deepweeds/images/20170727-113159-1.jpg', '/Users/muhammadarbabarshad/Downloads/AgEval-datasets/deepweeds/images/20171212-095841-3.jpg', '/Users/muhammadarbabarshad/Downloads/AgEval-datasets/deepweeds/images/20170728-120256-2.jpg', '/Users/muhammadarbabarshad/Downloads/AgEval-datasets/deepweeds/images/20171113-142059-2.jpg', '/Users/muhammadarbabarshad/Downloads/AgEval-datasets/deepweeds/images/20180119-105242-2.jpg']","['Parthenium', 'Lantana', 'Chinee apple', 'Prickly acacia', 'Negative', 'Prickly acacia', 'Siam weed', 'Negative']",Prickly acacia,"['/Users/muhammadarbabarshad/Downloads/AgEval-datasets/deepweeds/images/20170718-132000-2.jpg', '/Users/muhammadarbabarshad/Downloads/AgEval-datasets/deepweeds/images/20180119-105242-2.jpg', '/Users/muhammadarbabarshad/Downloads/AgEval-datasets/deepweeds/images/20170920-095313-3.jpg', '/Users/muhammadarbabarshad/Downloads/AgEval-datasets/deepweeds/images/20170705-165040-0.jpg']","['Chinee apple', 'Negative', 'Parkinsonia', 'Snake weed']",Prickly acacia,"['/Users/muhammadarbabarshad/Downloads/AgEval-datasets/deepweeds/images/20180119-105242-2.jpg', '/Users/muhammadarbabarshad/Downloads/AgEval-datasets/deepweeds/images/20171025-100416-2.jpg']","['Negative', 'Parthenium']",Prickly acacia,['/Users/muhammadarbabarshad/Downloads/AgEval-datasets/deepweeds/images/20170811-162102-1.jpg'],['Chinee apple'],Prickly acacia,[],[]
21,/Users/muhammadarbabarshad/Downloads/AgEval-datasets/deepweeds/images/20171025-082133-3.jpg,Parthenium,NA,NA,NA,Parthenium,"['/Users/muhammadarbabarshad/Downloads/AgEval-datasets/deepweeds/images/20171113-133118-3.jpg', '/Users/muhammadarbabarshad/Downloads/AgEval-datasets/deepweeds/images/20170811-163650-1.jpg', '/Users/muhammadarbabarshad/Downloads/AgEval-datasets/deepweeds/images/20170727-113159-1.jpg', '/Users/muhammadarbabarshad/Downloads/AgEval-datasets/deepweeds/images/20170727-164330-1.jpg']","['Siam weed', 'Chinee apple', 'Prickly acacia', 'Prickly acacia']",Parthenium,"['/Users/muhammadarbabarshad/Downloads/AgEval-datasets/deepweeds/images/20170811-162102-1.jpg', '/Users/muhammadarbabarshad/Downloads/AgEval-datasets/deepweeds/images/20171113-142059-2.jpg']","['Chinee apple', 'Siam weed']",Parthenium,['/Users/muhammadarbabarshad/Downloads/AgEval-datasets/deepweeds/images/20171109-194851-1.jpg'],['Rubber vine'],Snake weed,[],[]
22,/Users/muhammadarbabarshad/Downloads/AgEval-datasets/deepweeds/images/20171212-095841-3.jpg,Negative,Negative,"['/Users/muhammadarbabarshad/Downloads/AgEval-datasets/deepweeds/images/20170920-095313-3.jpg', '/Users/muhammadarbabarshad/Downloads/AgEval-datasets/deepweeds/images/20180119-105242-2.jpg', '/Users/muhammadarbabarshad/Downloads/AgEval-datasets/deepweeds/images/20170714-110205-1.jpg', '/Users/muhammadarbabarshad/Downloads/AgEval-datasets/deepweeds/images/20170920-111229-2.jpg', '/Users/muhammadarbabarshad/Downloads/AgEval-datasets/deepweeds/images/20170410-160127-0.jpg', '/Users/muhammadarbabarshad/Downloads/AgEval-datasets/deepweeds/images/20171109-194851-1.jpg', '/Users/muhammadarbabarshad/Downloads/AgEval-datasets/deepweeds/images/20171025-100416-2.jpg', '/Users/muhammadarbabarshad/Downloads/AgEval-datasets/deepweeds/images/20170210-142647-0.jpg']","['Parkinsonia', 'Negative', 'Lantana', 'Parkinsonia', 'Snake weed', 'Rubber vine', 'Parthenium', 'Snake weed']",Parkinsonia,"['/Users/muhammadarbabarshad/Downloads/AgEval-datasets/deepweeds/images/20170913-121432-3.jpg', '/Users/muhammadarbabarshad/Downloads/AgEval-datasets/deepweeds/images/20170920-111229-2.jpg', '/Users/muhammadarbabarshad/Downloads/AgEval-datasets/deepweeds/images/20171113-133118-3.jpg', '/Users/muhammadarbabarshad/Downloads/AgEval-datasets/deepweeds/images/20170727-164330-1.jpg']","['Parthenium', 'Parkinsonia', 'Siam weed', 'Prickly acacia']",NA,NA,NA,Lantana,['/Users/muhammadarbabarshad/Downloads/AgEval-datasets/deepweeds/images/20170718-132000-2.jpg'],['Chinee apple'],Negative,[],[]
23,/Users/muhammadarbabarshad/Downloads/AgEval-datasets/deepweeds/images/20170410-160127-0.jpg,Snake weed,Lantana,"['/Users/muhammadarbabarshad/Downloads/AgEval-datasets/deepweeds/images/20171113-142059-2.jpg', '/Users/muhammadarbabarshad/Downloads/AgEval-datasets/deepweeds/images/20170920-095313-3.jpg', '/Users/muhammadarbabarshad/Downloads/AgEval-datasets/deepweeds/images/20171025-100416-2.jpg', '/Users/muhammadarbabarshad/Downloads/AgEval-datasets/deepweeds/images/20171109-093143-1.jpg', '/Users/muhammadarbabarshad/Downloads/AgEval-datasets/deepweeds/images/20170126-095837-0.jpg', '/Users/muhammadarbabarshad/Downloads/AgEval-datasets/deepweeds/images/20170811-162102-1.jpg', '/Users/muhammadarbabarshad/Downloads/AgEval-datasets/deepweeds/images/20180125-100709-2.jpg', '/Users/muhammadarbabarshad/Downloads/AgEval-datasets/deepweeds/images/20170210-142647-0.jpg']","['Siam weed', 'Parkinsonia', 'Parthenium', 'Rubber vine', 'Lantana', 'Chinee apple', 'Negative', 'Snake weed']",Lantana,"['/Users/muhammadarbabarshad/Downloads/AgEval-datasets/deepweeds/images/20180125-100709-2.jpg', '/Users/muhammadarbabarshad/Downloads/AgEval-datasets/deepweeds/images/20170727-164330-1.jpg', '/Users/muhammadarbabarshad/Downloads/AgEval-datasets/deepweeds/images/20170727-113159-1.jpg', '/Users/muhammadarbabarshad/Downloads/AgEval-datasets/deepweeds/images/20171212-095841-3.jpg']","['Negative', 'Prickly acacia', 'Prickly acacia', 'Negative']",Lantana,"['/Users/muhammadarbabarshad/Downloads/AgEval-datasets/deepweeds/images/20170727-164330-1.jpg', '/Users/muhammadarbabarshad/Downloads/AgEval-datasets/deepweeds/images/20171109-194851-1.jpg']","['Prickly acacia', 'Rubber vine']",Lantana,['/Users/muhammadarbabarshad/Downloads/AgEval-datasets/deepweeds/images/20170811-163650-1.jpg'],['Chinee apple'],Lantana,[],[]
24,/Users/muhammadarbabarshad/Downloads/AgEval-datasets/deepweeds/images/20171113-132015-3.jpg,Siam weed,Parthenium,"['/Users/muhammadarbabarshad/Downloads/AgEval-datasets/deepweeds/images/20170728-120256-2.jpg', '/Users/muhammadarbabarshad/Downloads/AgEval-datasets/deepweeds/images/20170920-110443-2.jpg', '/Users/muhammadarbabarshad/Downloads/AgEval-datasets/deepweeds/images/20170126-095837-0.jpg', '/Users/muhammadarbabarshad/Downloads/AgEval-datasets/deepweeds/images/20171109-194851-1.jpg', '/Users/muhammadarbabarshad/Downloads/AgEval-datasets/deepweeds/images/20170718-132000-2.jpg', '/Users/muhammadarbabarshad/Downloads/AgEval-datasets/deepweeds/images/20170714-110205-1.jpg', '/Users/muhammadarbabarshad/Downloads/AgEval-datasets/deepweeds/images/20170920-111229-2.jpg', '/Users/muhammadarbabarshad/Downloads/AgEval-datasets/deepweeds/images/20170811-163650-1.jpg']","['Prickly acacia', 'Parkinsonia', 'Lantana', 'Rubber vine', 'Chinee apple', 'Lantana', 'Parkinsonia', 'Chinee apple']",Parthenium,"['/Users/muhammadarbabarshad/Downloads/AgEval-datasets/deepweeds/images/20170920-111229-2.jpg', '/Users/muhammadarbabarshad/Downloads/AgEval-datasets/deepweeds/images/20170728-120256-2.jpg', '/Users/muhammadarbabarshad/Downloads/AgEval-datasets/deepweeds/images/20170718-132000-2.jpg', '/Users/muhammadarbabarshad/Downloads/AgEval-datasets/deepweeds/images/20180125-100709-2.jpg']","['Parkinsonia', 'Prickly acacia', 'Chinee apple', 'Negative']",Parthenium,"['/Users/muhammadarbabarshad/Downloads/AgEval-datasets/deepweeds/images/20170126-095837-0.jpg', '/Users/muhammadarbabarshad/Downloads/AgEval-datasets/deepweeds/images/20171113-133118-3.jpg']","['Lantana', 'Siam weed']",Parthenium,['/Users/muhammadarbabarshad/Downloads/AgEval-datasets/deepweeds/images/20170811-163650-1.jpg'],['Chinee apple'],Parthenium,[],[]
25,/Users/muhammadarbabarshad/Downloads/AgEval-datasets/deepweeds/images/20170913-121432-3.jpg,Parthenium,Parkinsonia,"['/Users/muhammadarbabarshad/Downloads/AgEval-datasets/deepweeds/images/20170126-095837-0.jpg', '/Users/muhammadarbabarshad/Downloads/AgEval-datasets/deepweeds/images/20171113-133118-3.jpg', '/Users/muhammadarbabarshad/Downloads/AgEval-datasets/deepweeds/images/20170920-111229-2.jpg', '/Users/muhammadarbabarshad/Downloads/AgEval-datasets/deepweeds/images/20170920-110443-2.jpg', '/Users/muhammadarbabarshad/Downloads/AgEval-datasets/deepweeds/images/20171109-093204-2.jpg', '/Users/muhammadarbabarshad/Downloads/AgEval-datasets/deepweeds/images/20171113-132015-3.jpg', '/Users/muhammadarbabarshad/Downloads/AgEval-datasets/deepweeds/images/20170715-174216-1.jpg', '/Users/muhammadarbabarshad/Downloads/AgEval-datasets/deepweeds/images/20171025-082133-3.jpg']","['Lantana', 'Siam weed', 'Parkinsonia', 'Parkinsonia', 'Rubber vine', 'Siam weed', 'Lantana', 'Parthenium']",Prickly acacia,"['/Users/muhammadarbabarshad/Downloads/AgEval-datasets/deepweeds/images/20180119-105242-2.jpg', '/Users/muhammadarbabarshad/Downloads/AgEval-datasets/deepweeds/images/20170920-095313-3.jpg', '/Users/muhammadarbabarshad/Downloads/AgEval-datasets/deepweeds/images/20170705-165040-0.jpg', '/Users/muhammadarbabarshad/Downloads/AgEval-datasets/deepweeds/images/20171109-093143-1.jpg']","['Negative', 'Parkinsonia', 'Snake weed', 'Rubber vine']",Parkinsonia,"['/Users/muhammadarbabarshad/Downloads/AgEval-datasets/deepweeds/images/20170811-163650-1.jpg', '/Users/muhammadarbabarshad/Downloads/AgEval-datasets/deepweeds/images/20170920-110443-2.jpg']","['Chinee apple', 'Parkinsonia']",Parthenium,['/Users/muhammadarbabarshad/Downloads/AgEval-datasets/deepweeds/images/20171113-142059-2.jpg'],['Siam weed'],Parthenium,[],[]
26,/Users/muhammadarbabarshad/Downloads/AgEval-datasets/deepweeds/images/20180125-100709-2.jpg,Negative,Negative,"['/Users/muhammadarbabarshad/Downloads/AgEval-datasets/deepweeds/images/20170811-163650-1.jpg', '/Users/muhammadarbabarshad/Downloads/AgEval-datasets/deepweeds/images/20171025-100416-2.jpg', '/Users/muhammadarbabarshad/Downloads/AgEval-datasets/deepweeds/images/20171109-093204-2.jpg', '/Users/muhammadarbabarshad/Downloads/AgEval-datasets/deepweeds/images/20171113-133118-3.jpg', '/Users/muhammadarbabarshad/Downloads/AgEval-datasets/deepweeds/images/20171113-142059-2.jpg', '/Users/muhammadarbabarshad/Downloads/AgEval-datasets/deepweeds/images/20170714-110205-1.jpg', '/Users/muhammadarbabarshad/Downloads/AgEval-datasets/deepweeds/images/20171113-132015-3.jpg', '/Users/muhammadarbabarshad/Downloads/AgEval-datasets/deepweeds/images/20170727-113159-1.jpg']","['Chinee apple', 'Parthenium', 'Rubber vine', 'Siam weed', 'Siam weed', 'Lantana', 'Siam weed', 'Prickly acacia']",Negative,"['/Users/muhammadarbabarshad/Downloads/AgEval-datasets/deepweeds/images/20170727-164330-1.jpg', '/Users/muhammadarbabarshad/Downloads/AgEval-datasets/deepweeds/images/20170126-095837-0.jpg', '/Users/muhammadarbabarshad/Downloads/AgEval-datasets/deepweeds/images/20171212-095841-3.jpg', '/Users/muhammadarbabarshad/Downloads/AgEval-datasets/deepweeds/images/20171025-082133-3.jpg']","['Prickly acacia', 'Lantana', 'Negative', 'Parthenium']",Negative,"['/Users/muhammadarbabarshad/Downloads/AgEval-datasets/deepweeds/images/20170727-164330-1.jpg', '/Users/muhammadarbabarshad/Downloads/AgEval-datasets/deepweeds/images/20170705-165040-0.jpg']","['Prickly acacia', 'Snake weed']",Negative,['/Users/muhammadarbabarshad/Downloads/AgEval-datasets/deepweeds/images/20171212-095841-3.jpg'],['Negative'],Negative,[],[]
